1,3,1,0,884.0
1,3,1,1,884.0
1,3,1,2,884.0
1,3,1,3,884.0
1,4,1,0,884.0
1,4,1,1,884.0
1,4,1,2,884.0
1,4,1,3,884.0
1,5,1,0,884.0
1,5,1,1,884.0
1,5,1,2,884.0
1,5,1,3,884.0
1,6,1,0,884.0
1,6,1,1,884.0
1,6,1,2,884.0
1,6,1,3,884.0
1,6,2,0,884.0
1,6,2,1,884.0
1,6,2,2,884.0
1,6,2,3,884.0
1,7,2,0,884.0
1,7,2,1,884.0
1,7,2,2,884.0
1,7,2,3,884.0
1,8,2,0,884.0
1,8,2,1,884.0
1,8,2,2,884.0
1,8,2,3,884.0
1,9,2,0,884.0
1,9,2,1,884.0
1,9,2,2,884.0
1,9,2,3,884.0
1,10,2,0,884.0
1,10,2,1,884.0
1,10,2,2,884.0
1,10,2,3,884.0
1,10,3,0,884.0
1,10,3,1,884.0
1,10,3,2,884.0
1,10,3,3,884.0
1,11,3,0,884.0
1,11,3,1,884.0
1,11,3,2,884.0
1,11,3,3,884.0
1,12,3,0,884.0
1,12,3,1,884.0
1,12,3,2,884.0
1,12,3,3,884.0
1,13,3,0,884.0
1,13,3,1,884.0
1,13,3,2,884.0
1,13,3,3,884.0
1,14,3,0,884.0
1,14,3,1,884.0
1,14,3,2,884.0
1,14,3,3,884.0
1,15,3,0,884.0
1,15,3,1,884.0
1,15,3,2,884.0
1,15,3,3,884.0
1,15,4,0,972.0
1,15,4,1,972.0
1,15,4,2,884.0
1,15,4,3,884.0
1,16,4,0,972.0
1,16,4,1,972.0
1,16,4,2,884.0
1,16,4,3,884.0
1,17,4,0,972.0
1,17,4,1,972.0
1,17,4,2,972.0
1,17,4,3,972.0
1,18,4,0,972.0
1,18,4,1,972.0
1,18,4,2,972.0
1,18,4,3,972.0
1,19,4,0,972.0
1,19,4,1,972.0
1,19,4,2,972.0
1,19,4,3,972.0
1,20,4,0,972.0
1,20,4,1,972.0
1,20,4,2,972.0
1,20,4,3,972.0
1,21,4,0,972.0
1,21,4,1,972.0
1,21,4,2,972.0
1,21,4,3,972.0
1,21,5,0,972.0
1,21,5,1,972.0
1,21,5,2,972.0
1,21,5,3,972.0
1,22,5,0,972.0
1,22,5,1,972.0
1,22,5,2,972.0
1,22,5,3,972.0
1,23,5,0,972.0
1,23,5,1,972.0
1,23,5,2,972.0
1,23,5,3,972.0
1,24,5,0,972.0
1,24,5,1,972.0
1,24,5,2,972.0
1,24,5,3,972.0
1,25,5,0,972.0
1,25,5,1,972.0
1,25,5,2,972.0
1,25,5,3,972.0
1,26,5,0,972.0
1,26,5,1,972.0
1,26,5,2,972.0
1,26,5,3,972.0
1,27,5,0,972.0
1,27,5,1,972.0
1,27,5,2,972.0
1,27,5,3,972.0
1,28,5,0,972.0
1,28,5,1,972.0
1,28,5,2,972.0
1,28,5,3,972.0
1,28,6,0,972.0
1,28,6,1,972.0
1,28,6,2,972.0
1,28,6,3,972.0
1,29,6,0,972.0
1,29,6,1,972.0
1,29,6,2,972.0
1,29,6,3,972.0
1,30,6,0,972.0
1,30,6,1,972.0
1,30,6,2,972.0
1,30,6,3,972.0
1,31,6,0,972.0
1,31,6,1,972.0
1,31,6,2,972.0
1,31,6,3,972.0
1,32,6,0,972.0
1,32,6,1,972.0
1,32,6,2,972.0
1,32,6,3,972.0
1,33,6,0,972.0
1,33,6,1,972.0
1,33,6,2,972.0
1,33,6,3,972.0
1,34,6,0,972.0
1,34,6,1,972.0
1,34,6,2,972.0
1,34,6,3,972.0
1,35,6,0,972.0
1,35,6,1,972.0
1,35,6,2,972.0
1,35,6,3,972.0
1,36,6,0,972.0
1,36,6,1,972.0
1,36,6,2,972.0
1,36,6,3,972.0
1,36,7,0,972.0
1,36,7,1,972.0
1,36,7,2,972.0
1,36,7,3,972.0
1,37,7,0,972.0
1,37,7,1,972.0
1,37,7,2,972.0
1,37,7,3,972.0
1,38,7,0,972.0
1,38,7,1,972.0
1,38,7,2,972.0
1,38,7,3,972.0
1,39,7,0,972.0
1,39,7,1,972.0
1,39,7,2,972.0
1,39,7,3,972.0
1,40,7,0,972.0
1,40,7,1,972.0
1,40,7,2,972.0
1,40,7,3,972.0
1,41,7,0,972.0
1,41,7,1,972.0
1,41,7,2,972.0
1,41,7,3,972.0
1,42,7,0,972.0
1,42,7,1,972.0
1,42,7,2,972.0
1,42,7,3,972.0
1,43,7,0,972.0
1,43,7,1,972.0
1,43,7,2,972.0
1,43,7,3,972.0
1,44,7,0,972.0
1,44,7,1,972.0
1,44,7,2,972.0
1,44,7,3,972.0
1,45,7,0,972.0
1,45,7,1,972.0
1,45,7,2,972.0
1,45,7,3,972.0
1,45,8,0,972.0
1,45,8,1,972.0
1,45,8,2,972.0
1,45,8,3,972.0
1,46,8,0,972.0
1,46,8,1,1061.0
1,46,8,2,972.0
1,46,8,3,972.0
1,47,8,0,972.0
1,47,8,1,972.0
1,47,8,2,972.0
1,47,8,3,972.0
1,48,8,0,972.0
1,48,8,1,1060.0
1,48,8,2,972.0
1,48,8,3,972.0
1,49,8,0,1061.0
1,49,8,1,972.0
1,49,8,2,1061.0
1,49,8,3,972.0
1,50,8,0,1060.0
1,50,8,1,972.0
1,50,8,2,1060.0
1,50,8,3,1060.0
1,51,8,0,1061.0
1,51,8,1,1061.0
1,51,8,2,1060.0
1,51,8,3,1060.0
1,52,8,0,1060.0
1,52,8,1,972.0
1,52,8,2,972.0
1,52,8,3,1060.0
1,53,8,0,1060.0
1,53,8,1,1060.0
1,53,8,2,1060.0
1,53,8,3,972.0
1,54,8,0,1060.0
1,54,8,1,1061.0
1,54,8,2,1061.0
1,54,8,3,1060.0
1,55,8,0,1060.0
1,55,8,1,1060.0
1,55,8,2,1060.0
1,55,8,3,1060.0
1,55,9,0,1060.0
1,55,9,1,1060.0
1,55,9,2,1060.0
1,55,9,3,1060.0
1,56,9,0,1061.0
1,56,9,1,1061.0
1,56,9,2,1061.0
1,56,9,3,1060.0
1,57,9,0,1060.0
1,57,9,1,1060.0
1,57,9,2,1060.0
1,57,9,3,1060.0
1,58,9,0,1061.0
1,58,9,1,1060.0
1,58,9,2,1060.0
1,58,9,3,1061.0
1,59,9,0,1061.0
1,59,9,1,1060.0
1,59,9,2,1061.0
1,59,9,3,1060.0
1,60,9,0,1060.0
1,60,9,1,1060.0
1,60,9,2,1061.0
1,60,9,3,1060.0
1,61,9,0,1060.0
1,61,9,1,1060.0
1,61,9,2,1060.0
1,61,9,3,1061.0
1,62,9,0,1060.0
1,62,9,1,1060.0
1,62,9,2,1060.0
1,62,9,3,1061.0
1,63,9,0,1061.0
1,63,9,1,1060.0
1,63,9,2,1061.0
1,63,9,3,1060.0
1,64,9,0,1061.0
1,64,9,1,1060.0
1,64,9,2,1060.0
1,64,9,3,1060.0
1,65,9,0,1060.0
1,65,9,1,1060.0
1,65,9,2,1060.0
1,65,9,3,1060.0
1,66,9,0,1060.0
1,66,9,1,1061.0
1,66,9,2,1060.0
1,66,9,3,1061.0
1,66,10,0,1061.0
1,66,10,1,1061.0
1,66,10,2,1060.0
1,66,10,3,1060.0
1,67,10,0,1060.0
1,67,10,1,1060.0
1,67,10,2,1060.0
1,67,10,3,1060.0
1,68,10,0,1061.0
1,68,10,1,1060.0
1,68,10,2,1060.0
1,68,10,3,1060.0
1,69,10,0,1060.0
1,69,10,1,1060.0
1,69,10,2,1060.0
1,69,10,3,1060.0
1,70,10,0,1060.0
1,70,10,1,1060.0
1,70,10,2,1060.0
1,70,10,3,1060.0
1,71,10,0,1061.0
1,71,10,1,1061.0
1,71,10,2,1060.0
1,71,10,3,1061.0
1,72,10,0,1149.0
1,72,10,1,1060.0
1,72,10,2,1149.0
1,72,10,3,1061.0
1,73,10,0,1149.0
1,73,10,1,1061.0
1,73,10,2,1149.0
1,73,10,3,1061.0
1,74,10,0,1060.0
1,74,10,1,1060.0
1,74,10,2,1149.0
1,74,10,3,1149.0
1,75,10,0,1060.0
1,75,10,1,1060.0
1,75,10,2,1060.0
1,75,10,3,1149.0
1,76,10,0,1060.0
1,76,10,1,1149.0
1,76,10,2,1149.0
1,76,10,3,1149.0
1,77,10,0,1149.0
1,77,10,1,1060.0
1,77,10,2,1149.0
1,77,10,3,1060.0
1,78,10,0,1149.0
1,78,10,1,1149.0
1,78,10,2,1149.0
1,78,10,3,1149.0
1,78,11,0,1149.0
1,78,11,1,1149.0
1,78,11,2,1149.0
1,78,11,3,1149.0
1,79,11,0,1149.0
1,79,11,1,1149.0
1,79,11,2,1149.0
1,79,11,3,1149.0
1,80,11,0,1149.0
1,80,11,1,1149.0
1,80,11,2,1149.0
1,80,11,3,1149.0
1,81,11,0,1149.0
1,81,11,1,1149.0
1,81,11,2,1149.0
1,81,11,3,1149.0
1,82,11,0,1149.0
1,82,11,1,1149.0
1,82,11,2,1149.0
1,82,11,3,1149.0
1,83,11,0,1149.0
1,83,11,1,1149.0
1,83,11,2,1149.0
1,83,11,3,1149.0
1,84,11,0,1149.0
1,84,11,1,1149.0
1,84,11,2,1149.0
1,84,11,3,1149.0
1,85,11,0,1149.0
1,85,11,1,1149.0
1,85,11,2,1149.0
1,85,11,3,1149.0
1,86,11,0,1149.0
1,86,11,1,1149.0
1,86,11,2,1149.0
1,86,11,3,1149.0
1,87,11,0,1149.0
1,87,11,1,1149.0
1,87,11,2,1149.0
1,87,11,3,1149.0
1,88,11,0,1149.0
1,88,11,1,1149.0
1,88,11,2,1149.0
1,88,11,3,1149.0
1,89,11,0,1149.0
1,89,11,1,1149.0
1,89,11,2,1149.0
1,89,11,3,1149.0
1,90,11,0,1149.0
1,90,11,1,1149.0
1,90,11,2,1149.0
1,90,11,3,1149.0
1,91,11,0,1149.0
1,91,11,1,1149.0
1,91,11,2,1149.0
1,91,11,3,1149.0
1,91,12,0,1238.0
1,91,12,1,1237.0
1,91,12,2,1238.0
1,91,12,3,1237.0
1,92,12,0,1149.0
1,92,12,1,1237.0
1,92,12,2,1237.0
1,92,12,3,1237.0
1,93,12,0,1237.0
1,93,12,1,1149.0
1,93,12,2,1237.0
1,93,12,3,1149.0
1,94,12,0,1149.0
1,94,12,1,1237.0
1,94,12,2,1237.0
1,94,12,3,1149.0
1,95,12,0,1237.0
1,95,12,1,1149.0
1,95,12,2,1237.0
1,95,12,3,1237.0
1,96,12,0,1238.0
1,96,12,1,1237.0
1,96,12,2,1237.0
1,96,12,3,1237.0
1,97,12,0,1237.0
1,97,12,1,1237.0
1,97,12,2,1237.0
1,97,12,3,1237.0
1,98,12,0,1238.0
1,98,12,1,1237.0
1,98,12,2,1237.0
1,98,12,3,1237.0
1,99,12,0,1237.0
1,99,12,1,1237.0
1,99,12,2,1237.0
1,99,12,3,1237.0
1,100,12,0,1237.0
1,100,12,1,1237.0
1,100,12,2,1237.0
1,100,12,3,1237.0
1,101,12,0,1237.0
1,101,12,1,1237.0
1,101,12,2,1237.0
1,101,12,3,1237.0
1,102,12,0,1237.0
1,102,12,1,1237.0
1,102,12,2,1238.0
1,102,12,3,1238.0
1,103,12,0,1237.0
1,103,12,1,1237.0
1,103,12,2,1237.0
1,103,12,3,1237.0
1,104,12,0,1237.0
1,104,12,1,1237.0
1,104,12,2,1237.0
1,104,12,3,1237.0
1,105,12,0,1237.0
1,105,12,1,1237.0
1,105,12,2,1237.0
1,105,12,3,1237.0
1,105,13,0,1237.0
1,105,13,1,1237.0
1,105,13,2,1237.0
1,105,13,3,1237.0
1,106,13,0,1237.0
1,106,13,1,1237.0
1,106,13,2,1237.0
1,106,13,3,1238.0
1,107,13,0,1237.0
1,107,13,1,1237.0
1,107,13,2,1237.0
1,107,13,3,1237.0
1,108,13,0,1237.0
1,108,13,1,1238.0
1,108,13,2,1237.0
1,108,13,3,1237.0
1,109,13,0,1237.0
1,109,13,1,1325.0
1,109,13,2,1237.0
1,109,13,3,1237.0
1,110,13,0,1237.0
1,110,13,1,1237.0
1,110,13,2,1237.0
1,110,13,3,1326.0
1,111,13,0,1237.0
1,111,13,1,1237.0
1,111,13,2,1326.0
1,111,13,3,1326.0
1,112,13,0,1326.0
1,112,13,1,1237.0
1,112,13,2,1237.0
1,112,13,3,1326.0
1,113,13,0,1326.0
1,113,13,1,1326.0
1,113,13,2,1326.0
1,113,13,3,1237.0
1,114,13,0,1237.0
1,114,13,1,1326.0
1,114,13,2,1326.0
1,114,13,3,1326.0
1,115,13,0,1326.0
1,115,13,1,1326.0
1,115,13,2,1326.0
1,115,13,3,1326.0
1,116,13,0,1326.0
1,116,13,1,1326.0
1,116,13,2,1326.0
1,116,13,3,1326.0
1,117,13,0,1326.0
1,117,13,1,1326.0
1,117,13,2,1326.0
1,117,13,3,1326.0
1,118,13,0,1326.0
1,118,13,1,1326.0
1,118,13,2,1326.0
1,118,13,3,1326.0
1,119,13,0,1326.0
1,119,13,1,1326.0
1,119,13,2,1326.0
1,119,13,3,1326.0
1,120,13,0,1326.0
1,120,13,1,1326.0
1,120,13,2,1326.0
1,120,13,3,1326.0
1,120,14,0,1326.0
1,120,14,1,1326.0
1,120,14,2,1325.0
1,120,14,3,1326.0
1,121,14,0,1326.0
1,121,14,1,1326.0
1,121,14,2,1326.0
1,121,14,3,1326.0
1,122,14,0,1326.0
1,122,14,1,1326.0
1,122,14,2,1326.0
1,122,14,3,1326.0
1,123,14,0,1326.0
1,123,14,1,1326.0
1,123,14,2,1326.0
1,123,14,3,1326.0
1,124,14,0,1326.0
1,124,14,1,1326.0
1,124,14,2,1326.0
1,124,14,3,1326.0
1,125,14,0,1326.0
1,125,14,1,1326.0
1,125,14,2,1326.0
1,125,14,3,1326.0
1,126,14,0,1326.0
1,126,14,1,1326.0
1,126,14,2,1326.0
1,126,14,3,1414.0
1,127,14,0,1414.0
1,127,14,1,1326.0
1,127,14,2,1326.0
1,127,14,3,1326.0
1,128,14,0,1414.0
1,128,14,1,1414.0
1,128,14,2,1326.0
1,128,14,3,1414.0
1,129,14,0,1414.0
1,129,14,1,1326.0
1,129,14,2,1414.0
1,129,14,3,1326.0
1,130,14,0,1414.0
1,130,14,1,1326.0
1,130,14,2,1326.0
1,130,14,3,1326.0
1,131,14,0,1326.0
1,131,14,1,1414.0
1,131,14,2,1326.0
1,131,14,3,1414.0
1,132,14,0,1414.0
1,132,14,1,1414.0
1,132,14,2,1414.0
1,132,14,3,1414.0
1,133,14,0,1414.0
1,133,14,1,1414.0
1,133,14,2,1414.0
1,133,14,3,1414.0
1,134,14,0,1414.0
1,134,14,1,1414.0
1,134,14,2,1414.0
1,134,14,3,1414.0
1,135,14,0,1415.0
1,135,14,1,1415.0
1,135,14,2,1414.0
1,135,14,3,1414.0
1,136,14,0,1414.0
1,136,14,1,1415.0
1,136,14,2,1414.0
1,136,14,3,1414.0
1,136,15,0,1414.0
1,136,15,1,1414.0
1,136,15,2,1414.0
1,136,15,3,1414.0
1,137,15,0,1414.0
1,137,15,1,1414.0
1,137,15,2,1414.0
1,137,15,3,1414.0
1,138,15,0,1414.0
1,138,15,1,1414.0
1,138,15,2,1414.0
1,138,15,3,1414.0
1,139,15,0,1414.0
1,139,15,1,1414.0
1,139,15,2,1414.0
1,139,15,3,1414.0
1,140,15,0,1502.0
1,140,15,1,1414.0
1,140,15,2,1414.0
1,140,15,3,1414.0
1,141,15,0,1503.0
1,141,15,1,1502.0
1,141,15,2,1414.0
1,141,15,3,1414.0
1,142,15,0,1414.0
1,142,15,1,1502.0
1,142,15,2,1503.0
1,142,15,3,1502.0
1,143,15,0,1414.0
1,143,15,1,1502.0
1,143,15,2,1503.0
1,143,15,3,1502.0
1,144,15,0,1502.0
1,144,15,1,1502.0
1,144,15,2,1414.0
1,144,15,3,1502.0
1,145,15,0,1502.0
1,145,15,1,1414.0
1,145,15,2,1414.0
1,145,15,3,1502.0
1,146,15,0,1502.0
1,146,15,1,1502.0
1,146,15,2,1502.0
1,146,15,3,1502.0
1,147,15,0,1502.0
1,147,15,1,1414.0
1,147,15,2,1503.0
1,147,15,3,1502.0
1,148,15,0,1502.0
1,148,15,1,1502.0
1,148,15,2,1502.0
1,148,15,3,1502.0
1,149,15,0,1502.0
1,149,15,1,1503.0
1,149,15,2,1502.0
1,149,15,3,1502.0
1,150,15,0,1502.0
1,150,15,1,1502.0
1,150,15,2,1502.0
1,150,15,3,1502.0
1,151,15,0,1502.0
1,151,15,1,1502.0
1,151,15,2,1502.0
1,151,15,3,1502.0
1,152,15,0,1503.0
1,152,15,1,1502.0
1,152,15,2,1502.0
1,152,15,3,1502.0
1,153,15,0,1502.0
1,153,15,1,1502.0
1,153,15,2,1502.0
1,153,15,3,1502.0
1,153,16,0,1502.0
1,153,16,1,1502.0
1,153,16,2,1503.0
1,153,16,3,1591.0
1,154,16,0,1591.0
1,154,16,1,1502.0
1,154,16,2,1502.0
1,154,16,3,1502.0
1,155,16,0,1502.0
1,155,16,1,1502.0
1,155,16,2,1502.0
1,155,16,3,1591.0
1,156,16,0,1502.0
1,156,16,1,1591.0
1,156,16,2,1502.0
1,156,16,3,1502.0
1,157,16,0,1591.0
1,157,16,1,1591.0
1,157,16,2,1591.0
1,157,16,3,1502.0
1,158,16,0,1502.0
1,158,16,1,1591.0
1,158,16,2,1502.0
1,158,16,3,1591.0
1,159,16,0,1591.0
1,159,16,1,1591.0
1,159,16,2,1591.0
1,159,16,3,1591.0
1,160,16,0,1591.0
1,160,16,1,1591.0
1,160,16,2,1503.0
1,160,16,3,1591.0
1,161,16,0,1591.0
1,161,16,1,1591.0
1,161,16,2,1591.0
1,161,16,3,1591.0
1,162,16,0,1591.0
1,162,16,1,1591.0
1,162,16,2,1591.0
1,162,16,3,1591.0
1,163,16,0,1591.0
1,163,16,1,1591.0
1,163,16,2,1591.0
1,163,16,3,1591.0
1,164,16,0,1591.0
1,164,16,1,1591.0
1,164,16,2,1591.0
1,164,16,3,1591.0
1,165,16,0,1591.0
1,165,16,1,1591.0
1,165,16,2,1591.0
1,165,16,3,1591.0
1,166,16,0,1591.0
1,166,16,1,1591.0
1,166,16,2,1591.0
1,166,16,3,1591.0
1,167,16,0,1591.0
1,167,16,1,1591.0
1,167,16,2,1591.0
1,167,16,3,1591.0
1,168,16,0,1591.0
1,168,16,1,1591.0
1,168,16,2,1591.0
1,168,16,3,1591.0
1,169,16,0,1591.0
1,169,16,1,1592.0
1,169,16,2,1591.0
1,169,16,3,1591.0
1,170,16,0,1591.0
1,170,16,1,1591.0
1,170,16,2,1591.0
1,170,16,3,1591.0
1,171,16,0,1591.0
1,171,16,1,1591.0
1,171,16,2,1591.0
1,171,16,3,1591.0
1,171,17,0,1679.0
1,171,17,1,1679.0
1,171,17,2,1591.0
1,171,17,3,1679.0
1,172,17,0,1679.0
1,172,17,1,1679.0
1,172,17,2,1679.0
1,172,17,3,1679.0
1,173,17,0,1679.0
1,173,17,1,1679.0
1,173,17,2,1680.0
1,173,17,3,1680.0
1,174,17,0,1680.0
1,174,17,1,1679.0
1,174,17,2,1680.0
1,174,17,3,1679.0
1,175,17,0,1680.0
1,175,17,1,1680.0
1,175,17,2,1679.0
1,175,17,3,1679.0
1,176,17,0,1679.0
1,176,17,1,1679.0
1,176,17,2,1679.0
1,176,17,3,1679.0
1,177,17,0,1680.0
1,177,17,1,1679.0
1,177,17,2,1680.0
1,177,17,3,1680.0
1,178,17,0,1679.0
1,178,17,1,1679.0
1,178,17,2,1679.0
1,178,17,3,1679.0
1,179,17,0,1679.0
1,179,17,1,1679.0
1,179,17,2,1680.0
1,179,17,3,1679.0
1,180,17,0,1679.0
1,180,17,1,1680.0
1,180,17,2,1679.0
1,180,17,3,1679.0
1,181,17,0,1679.0
1,181,17,1,1679.0
1,181,17,2,1679.0
1,181,17,3,1679.0
1,182,17,0,1680.0
1,182,17,1,1679.0
1,182,17,2,1679.0
1,182,17,3,1679.0
1,183,17,0,1679.0
1,183,17,1,1680.0
1,183,17,2,1680.0
1,183,17,3,1679.0
1,184,17,0,1679.0
1,184,17,1,1679.0
1,184,17,2,1679.0
1,184,17,3,1680.0
1,185,17,0,1767.0
1,185,17,1,1679.0
1,185,17,2,1679.0
1,185,17,3,1679.0
1,186,17,0,1679.0
1,186,17,1,1679.0
1,186,17,2,1767.0
1,186,17,3,1680.0
1,187,17,0,1767.0
1,187,17,1,1767.0
1,187,17,2,1767.0
1,187,17,3,1679.0
1,188,17,0,1680.0
1,188,17,1,1679.0
1,188,17,2,1679.0
1,188,17,3,1679.0
1,189,17,0,1679.0
1,189,17,1,1767.0
1,189,17,2,1767.0
1,189,17,3,1767.0
1,190,17,0,1768.0
1,190,17,1,1767.0
1,190,17,2,1767.0
1,190,17,3,1768.0
1,190,18,0,1768.0
1,190,18,1,1767.0
1,190,18,2,1767.0
1,190,18,3,1767.0
1,191,18,0,1767.0
1,191,18,1,1767.0
1,191,18,2,1767.0
1,191,18,3,1767.0
1,192,18,0,1767.0
1,192,18,1,1767.0
1,192,18,2,1769.0
1,192,18,3,1767.0
1,193,18,0,1767.0
1,193,18,1,1767.0
1,193,18,2,1769.0
1,193,18,3,1767.0
1,194,18,0,1768.0
1,194,18,1,1767.0
1,194,18,2,1767.0
1,194,18,3,1767.0
1,195,18,0,1767.0
1,195,18,1,1768.0
1,195,18,2,1767.0
1,195,18,3,1768.0
1,196,18,0,1856.0
1,196,18,1,1767.0
1,196,18,2,1768.0
1,196,18,3,1856.0
1,197,18,0,1767.0
1,197,18,1,1856.0
1,197,18,2,1856.0
1,197,18,3,1768.0
1,198,18,0,1767.0
1,198,18,1,1767.0
1,198,18,2,1767.0
1,198,18,3,1768.0
1,199,18,0,1856.0
1,199,18,1,1767.0
1,199,18,2,1767.0
1,199,18,3,1856.0
1,200,18,0,1767.0
1,200,18,1,1856.0
1,200,18,2,1856.0
1,200,18,3,1856.0
1,201,18,0,1857.0
1,201,18,1,1856.0
1,201,18,2,1767.0
1,201,18,3,1856.0
1,202,18,0,1856.0
1,202,18,1,1856.0
1,202,18,2,1856.0
1,202,18,3,1856.0
1,203,18,0,1856.0
1,203,18,1,1856.0
1,203,18,2,1857.0
1,203,18,3,1856.0
1,204,18,0,1856.0
1,204,18,1,1856.0
1,204,18,2,1856.0
1,204,18,3,1856.0
1,205,18,0,1856.0
1,205,18,1,1856.0
1,205,18,2,1856.0
1,205,18,3,1856.0
1,206,18,0,1856.0
1,206,18,1,1856.0
1,206,18,2,1856.0
1,206,18,3,1856.0
1,207,18,0,1856.0
1,207,18,1,1856.0
1,207,18,2,1856.0
1,207,18,3,1856.0
1,208,18,0,1856.0
1,208,18,1,1856.0
1,208,18,2,1856.0
1,208,18,3,1856.0
1,209,18,0,1856.0
1,209,18,1,1856.0
1,209,18,2,1856.0
1,209,18,3,1856.0
1,210,18,0,1856.0
1,210,18,1,1856.0
1,210,18,2,1856.0
1,210,18,3,1856.0
1,210,19,0,1945.0
1,210,19,1,1944.0
1,210,19,2,1945.0
1,210,19,3,1944.0
1,211,19,0,1944.0
1,211,19,1,1944.0
1,211,19,2,1944.0
1,211,19,3,1944.0
1,212,19,0,1944.0
1,212,19,1,1944.0
1,212,19,2,1944.0
1,212,19,3,1944.0
1,213,19,0,1944.0
1,213,19,1,1945.0
1,213,19,2,1945.0
1,213,19,3,1945.0
1,214,19,0,1944.0
1,214,19,1,1944.0
1,214,19,2,1944.0
1,214,19,3,1944.0
1,215,19,0,1944.0
1,215,19,1,1945.0
1,215,19,2,1944.0
1,215,19,3,1944.0
1,216,19,0,1944.0
1,216,19,1,1946.0
1,216,19,2,1944.0
1,216,19,3,1944.0
1,217,19,0,1944.0
1,217,19,1,1944.0
1,217,19,2,1944.0
1,217,19,3,1945.0
1,218,19,0,1944.0
1,218,19,1,1947.0
1,218,19,2,1944.0
1,218,19,3,1944.0
1,219,19,0,1944.0
1,219,19,1,1945.0
1,219,19,2,1944.0
1,219,19,3,1945.0
1,220,19,0,1944.0
1,220,19,1,1944.0
1,220,19,2,1944.0
1,220,19,3,1944.0
1,221,19,0,1945.0
1,221,19,1,1945.0
1,221,19,2,1944.0
1,221,19,3,1945.0
1,222,19,0,1944.0
1,222,19,1,1944.0
1,222,19,2,1945.0
1,222,19,3,1944.0
1,223,19,0,1944.0
1,223,19,1,2032.0
1,223,19,2,1944.0
1,223,19,3,1945.0
1,224,19,0,1944.0
1,224,19,1,1944.0
1,224,19,2,2033.0
1,224,19,3,1945.0
1,225,19,0,2032.0
1,225,19,1,2032.0
1,225,19,2,2032.0
1,225,19,3,1944.0
1,226,19,0,1944.0
1,226,19,1,1944.0
1,226,19,2,2032.0
1,226,19,3,1945.0
1,227,19,0,1945.0
1,227,19,1,2033.0
1,227,19,2,1945.0
1,227,19,3,1945.0
1,228,19,0,2033.0
1,228,19,1,1944.0
1,228,19,2,2032.0
1,228,19,3,2033.0
1,229,19,0,2033.0
1,229,19,1,2032.0
1,229,19,2,2032.0
1,229,19,3,2033.0
1,230,19,0,2032.0
1,230,19,1,2032.0
1,230,19,2,2032.0
1,230,19,3,2032.0
1,231,19,0,2032.0
1,231,19,1,2032.0
1,231,19,2,2032.0
1,231,19,3,2034.0
1,231,20,0,2121.0
1,231,20,1,2032.0
1,231,20,2,2032.0
1,231,20,3,2032.0
1,232,20,0,2121.0
1,232,20,1,2032.0
1,232,20,2,2032.0
1,232,20,3,2032.0
1,233,20,0,2121.0
1,233,20,1,2032.0
1,233,20,2,2032.0
1,233,20,3,2122.0
1,234,20,0,2032.0
1,234,20,1,2121.0
1,234,20,2,2122.0
1,234,20,3,2121.0
1,235,20,0,2122.0
1,235,20,1,2121.0
1,235,20,2,2032.0
1,235,20,3,2121.0
1,236,20,0,2121.0
1,236,20,1,2121.0
1,236,20,2,2121.0
1,236,20,3,2121.0
1,237,20,0,2121.0
1,237,20,1,2121.0
1,237,20,2,2122.0
1,237,20,3,2122.0
1,238,20,0,2121.0
1,238,20,1,2121.0
1,238,20,2,2121.0
1,238,20,3,2121.0
1,239,20,0,2121.0
1,239,20,1,2121.0
1,239,20,2,2122.0
1,239,20,3,2121.0
1,240,20,0,2121.0
1,240,20,1,2121.0
1,240,20,2,2121.0
1,240,20,3,2121.0
1,241,20,0,2121.0
1,241,20,1,2121.0
1,241,20,2,2122.0
1,241,20,3,2121.0
1,242,20,0,2121.0
1,242,20,1,2121.0
1,242,20,2,2121.0
1,242,20,3,2121.0
1,243,20,0,2121.0
1,243,20,1,2121.0
1,243,20,2,2121.0
1,243,20,3,2121.0
1,244,20,0,2121.0
1,244,20,1,2121.0
1,244,20,2,2122.0
1,244,20,3,2121.0
1,245,20,0,2121.0
1,245,20,1,2122.0
1,245,20,2,2121.0
1,245,20,3,2121.0
1,246,20,0,2121.0
1,246,20,1,2121.0
1,246,20,2,2121.0
1,246,20,3,2121.0
1,247,20,0,2121.0
1,247,20,1,2121.0
1,247,20,2,2209.0
1,247,20,3,2121.0
1,248,20,0,2121.0
1,248,20,1,2209.0
1,248,20,2,2209.0
1,248,20,3,2121.0
1,249,20,0,2121.0
1,249,20,1,2209.0
1,249,20,2,2121.0
1,249,20,3,2124.0
1,250,20,0,2209.0
1,250,20,1,2121.0
1,250,20,2,2121.0
1,250,20,3,2210.0
1,251,20,0,2209.0
1,251,20,1,2209.0
1,251,20,2,2209.0
1,251,20,3,2122.0
1,252,20,0,2209.0
1,252,20,1,2121.0
1,252,20,2,2210.0
1,252,20,3,2210.0
1,253,20,0,2121.0
1,253,20,1,2209.0
1,253,20,2,2121.0
1,253,20,3,2210.0
1,253,21,0,2298.0
1,253,21,1,2210.0
1,253,21,2,2298.0
1,253,21,3,2209.0
1,254,21,0,2297.0
1,254,21,1,2209.0
1,254,21,2,2209.0
1,254,21,3,2210.0
1,255,21,0,2298.0
1,255,21,1,2298.0
1,255,21,2,2210.0
1,255,21,3,2210.0
1,256,21,0,2297.0
1,256,21,1,2210.0
1,256,21,2,2297.0
1,256,21,3,2298.0
1,257,21,0,2297.0
1,257,21,1,2298.0
1,257,21,2,2297.0
1,257,21,3,2298.0
1,258,21,0,2299.0
1,258,21,1,2297.0
1,258,21,2,2298.0
1,258,21,3,2297.0
1,259,21,0,2297.0
1,259,21,1,2298.0
1,259,21,2,2298.0
1,259,21,3,2298.0
1,260,21,0,2298.0
1,260,21,1,2297.0
1,260,21,2,2297.0
1,260,21,3,2297.0
1,261,21,0,2297.0
1,261,21,1,2297.0
1,261,21,2,2297.0
1,261,21,3,2298.0
1,262,21,0,2297.0
1,262,21,1,2297.0
1,262,21,2,2298.0
1,262,21,3,2297.0
1,263,21,0,2297.0
1,263,21,1,2298.0
1,263,21,2,2298.0
1,263,21,3,2297.0
1,264,21,0,2297.0
1,264,21,1,2298.0
1,264,21,2,2297.0
1,264,21,3,2297.0
1,265,21,0,2297.0
1,265,21,1,2297.0
1,265,21,2,2297.0
1,265,21,3,2297.0
1,266,21,0,2297.0
1,266,21,1,2297.0
1,266,21,2,2297.0
1,266,21,3,2298.0
1,267,21,0,2297.0
1,267,21,1,2297.0
1,267,21,2,2297.0
1,267,21,3,2297.0
1,268,21,0,2298.0
1,268,21,1,2297.0
1,268,21,2,2298.0
1,268,21,3,2297.0
1,269,21,0,2297.0
1,269,21,1,2298.0
1,269,21,2,2297.0
1,269,21,3,2297.0
1,270,21,0,2386.0
1,270,21,1,2298.0
1,270,21,2,2298.0
1,270,21,3,2297.0
1,271,21,0,2386.0
1,271,21,1,2297.0
1,271,21,2,2299.0
1,271,21,3,2298.0
1,272,21,0,2387.0
1,272,21,1,2386.0
1,272,21,2,2297.0
1,272,21,3,2386.0
1,273,21,0,2298.0
1,273,21,1,2386.0
1,273,21,2,2297.0
1,273,21,3,2386.0
1,274,21,0,2387.0
1,274,21,1,2387.0
1,274,21,2,2297.0
1,274,21,3,2386.0
1,275,21,0,2386.0
1,275,21,1,2386.0
1,275,21,2,2386.0
1,275,21,3,2386.0
1,276,21,0,2386.0
1,276,21,1,2386.0
1,276,21,2,2386.0
1,276,21,3,2387.0
1,276,22,0,2386.0
1,276,22,1,2386.0
1,276,22,2,2387.0
1,276,22,3,2386.0
1,277,22,0,2475.0
1,277,22,1,2475.0
1,277,22,2,2474.0
1,277,22,3,2474.0
1,278,22,0,2475.0
1,278,22,1,2386.0
1,278,22,2,2475.0
1,278,22,3,2474.0
1,279,22,0,2474.0
1,279,22,1,2475.0
1,279,22,2,2474.0
1,279,22,3,2475.0
1,280,22,0,2474.0
1,280,22,1,2474.0
1,280,22,2,2474.0
1,280,22,3,2474.0
1,281,22,0,2474.0
1,281,22,1,2474.0
1,281,22,2,2474.0
1,281,22,3,2474.0
1,282,22,0,2474.0
1,282,22,1,2474.0
1,282,22,2,2476.0
1,282,22,3,2475.0
1,283,22,0,2475.0
1,283,22,1,2474.0
1,283,22,2,2474.0
1,283,22,3,2474.0
1,284,22,0,2474.0
1,284,22,1,2474.0
1,284,22,2,2474.0
1,284,22,3,2475.0
1,285,22,0,2474.0
1,285,22,1,2474.0
1,285,22,2,2474.0
1,285,22,3,2474.0
1,286,22,0,2474.0
1,286,22,1,2474.0
1,286,22,2,2474.0
1,286,22,3,2474.0
1,287,22,0,2475.0
1,287,22,1,2475.0
1,287,22,2,2474.0
1,287,22,3,2474.0
1,288,22,0,2474.0
1,288,22,1,2562.0
1,288,22,2,2474.0
1,288,22,3,2474.0
1,289,22,0,2474.0
1,289,22,1,2474.0
1,289,22,2,2474.0
1,289,22,3,2475.0
1,290,22,0,2475.0
1,290,22,1,2562.0
1,290,22,2,2474.0
1,290,22,3,2474.0
1,291,22,0,2474.0
1,291,22,1,2562.0
1,291,22,2,2562.0
1,291,22,3,2479.0
1,292,22,0,2478.0
1,292,22,1,2562.0
1,292,22,2,2562.0
1,292,22,3,2478.0
1,293,22,0,2564.0
1,293,22,1,2564.0
1,293,22,2,2563.0
1,293,22,3,2563.0
1,294,22,0,2562.0
1,294,22,1,2474.0
1,294,22,2,2562.0
1,294,22,3,2562.0
1,295,22,0,2563.0
1,295,22,1,2562.0
1,295,22,2,2475.0
1,295,22,3,2562.0
1,296,22,0,2562.0
1,296,22,1,2563.0
1,296,22,2,2562.0
1,296,22,3,2562.0
1,297,22,0,2562.0
1,297,22,1,2563.0
1,297,22,2,2562.0
1,297,22,3,2564.0
1,298,22,0,2563.0
1,298,22,1,2563.0
1,298,22,2,2562.0
1,298,22,3,2562.0
1,299,22,0,2562.0
1,299,22,1,2562.0
1,299,22,2,2562.0
1,299,22,3,2564.0
1,300,22,0,2564.0
1,300,22,1,2563.0
1,300,22,2,2564.0
1,300,22,3,2563.0
1,300,23,0,2651.0
1,300,23,1,2652.0
1,300,23,2,2651.0
1,300,23,3,2651.0
1,301,23,0,2651.0
1,301,23,1,2652.0
1,301,23,2,2652.0
1,301,23,3,2652.0
1,302,23,0,2651.0
1,302,23,1,2652.0
1,302,23,2,2652.0
1,302,23,3,2652.0
1,303,23,0,2651.0
1,303,23,1,2652.0
1,303,23,2,2651.0
1,303,23,3,2651.0
1,304,23,0,2652.0
1,304,23,1,2651.0
1,304,23,2,2651.0
1,304,23,3,2651.0
1,305,23,0,2651.0
1,305,23,1,2651.0
1,305,23,2,2651.0
1,305,23,3,2651.0
1,306,23,0,2651.0
1,306,23,1,2651.0
1,306,23,2,2652.0
1,306,23,3,2653.0
1,307,23,0,2740.0
1,307,23,1,2651.0
1,307,23,2,2651.0
1,307,23,3,2652.0
1,308,23,0,2740.0
1,308,23,1,2651.0
1,308,23,2,2651.0
1,308,23,3,2739.0
1,309,23,0,2651.0
1,309,23,1,2651.0
1,309,23,2,2740.0
1,309,23,3,2740.0
1,310,23,0,2740.0
1,310,23,1,2740.0
1,310,23,2,2739.0
1,310,23,3,2651.0
1,311,23,0,2739.0
1,311,23,1,2740.0
1,311,23,2,2740.0
1,311,23,3,2739.0
1,312,23,0,2652.0
1,312,23,1,2739.0
1,312,23,2,2651.0
1,312,23,3,2739.0
1,313,23,0,2741.0
1,313,23,1,2739.0
1,313,23,2,2739.0
1,313,23,3,2651.0
1,314,23,0,2739.0
1,314,23,1,2739.0
1,314,23,2,2651.0
1,314,23,3,2651.0
1,315,23,0,2739.0
1,315,23,1,2739.0
1,315,23,2,2739.0
1,315,23,3,2739.0
1,316,23,0,2739.0
1,316,23,1,2742.0
1,316,23,2,2739.0
1,316,23,3,2742.0
1,317,23,0,2739.0
1,317,23,1,2740.0
1,317,23,2,2742.0
1,317,23,3,2739.0
1,318,23,0,2739.0
1,318,23,1,2739.0
1,318,23,2,2739.0
1,318,23,3,2739.0
1,319,23,0,2739.0
1,319,23,1,2739.0
1,319,23,2,2739.0
1,319,23,3,2740.0
1,320,23,0,2739.0
1,320,23,1,2740.0
1,320,23,2,2739.0
1,320,23,3,2739.0
1,321,23,0,2740.0
1,321,23,1,2739.0
1,321,23,2,2739.0
1,321,23,3,2739.0
1,322,23,0,2739.0
1,322,23,1,2740.0
1,322,23,2,2740.0
1,322,23,3,2828.0
1,323,23,0,2740.0
1,323,23,1,2740.0
1,323,23,2,2739.0
1,323,23,3,2739.0
1,324,23,0,2739.0
1,324,23,1,2739.0
1,324,23,2,2828.0
1,324,23,3,2739.0
1,325,23,0,2829.0
1,325,23,1,2739.0
1,325,23,2,2829.0
1,325,23,3,2739.0
1,325,24,0,2828.0
1,325,24,1,2827.0
1,325,24,2,2828.0
1,325,24,3,2916.0
1,326,24,0,2828.0
1,326,24,1,2830.0
1,326,24,2,2829.0
1,326,24,3,2828.0
1,327,24,0,2916.0
1,327,24,1,2916.0
1,327,24,2,2916.0
1,327,24,3,2917.0
1,328,24,0,2827.0
1,328,24,1,2827.0
1,328,24,2,2916.0
1,328,24,3,2827.0
1,329,24,0,2916.0
1,329,24,1,2916.0
1,329,24,2,2916.0
1,329,24,3,2916.0
1,330,24,0,2827.0
1,330,24,1,2827.0
1,330,24,2,2916.0
1,330,24,3,2827.0
1,331,24,0,2917.0
1,331,24,1,2916.0
1,331,24,2,2917.0
1,331,24,3,2916.0
1,332,24,0,2917.0
1,332,24,1,2916.0
1,332,24,2,2916.0
1,332,24,3,2917.0
1,333,24,0,2916.0
1,333,24,1,2917.0
1,333,24,2,2917.0
1,333,24,3,2916.0
1,334,24,0,2916.0
1,334,24,1,2916.0
1,334,24,2,2916.0
1,334,24,3,2916.0
1,335,24,0,2916.0
1,335,24,1,2916.0
1,335,24,2,2916.0
1,335,24,3,2916.0
1,336,24,0,2916.0
1,336,24,1,2916.0
1,336,24,2,2916.0
1,336,24,3,2916.0
1,337,24,0,2916.0
1,337,24,1,2916.0
1,337,24,2,2917.0
1,337,24,3,2916.0
1,338,24,0,2916.0
1,338,24,1,2916.0
1,338,24,2,2918.0
1,338,24,3,2918.0
1,339,24,0,2916.0
1,339,24,1,2916.0
1,339,24,2,2916.0
1,339,24,3,2917.0
1,340,24,0,2917.0
1,340,24,1,2916.0
1,340,24,2,2916.0
1,340,24,3,2916.0
1,341,24,0,3004.0
1,341,24,1,2916.0
1,341,24,2,3006.0
1,341,24,3,3004.0
1,342,24,0,3004.0
1,342,24,1,2916.0
1,342,24,2,3006.0
1,342,24,3,2917.0
1,343,24,0,3004.0
1,343,24,1,3004.0
1,343,24,2,3004.0
1,343,24,3,3004.0
1,344,24,0,3004.0
1,344,24,1,3006.0
1,344,24,2,2916.0
1,344,24,3,3004.0
1,345,24,0,3004.0
1,345,24,1,3006.0
1,345,24,2,3004.0
1,345,24,3,3004.0
1,346,24,0,3006.0
1,346,24,1,2916.0
1,346,24,2,3004.0
1,346,24,3,3006.0
1,347,24,0,3004.0
1,347,24,1,3005.0
1,347,24,2,3004.0
1,347,24,3,3004.0
1,348,24,0,3004.0
1,348,24,1,3004.0
1,348,24,2,3008.0
1,348,24,3,3004.0
1,349,24,0,3011.0
1,349,24,1,3004.0
1,349,24,2,3004.0
1,349,24,3,3004.0
1,350,24,0,3004.0
1,350,24,1,3011.0
1,350,24,2,3004.0
1,350,24,3,3004.0
1,351,24,0,3007.0
1,351,24,1,3004.0
1,351,24,2,3004.0
1,351,24,3,3004.0
